<?xml version="1.0" encoding="UTF-8"?>
<configuration>
  <property name="LOG_PATTERN" value="%d{yyyy-MM-dd HH:mm:ss} [%thread] %-5level %logger{36} - %msg%n"/>

  <appender name="console" class="ch.qos.logback.core.ConsoleAppender">
    <encoder>
      <charset>utf8</charset>
      <pattern>${LOG_PATTERN}</pattern>
    </encoder>
  </appender>

  <springProfile name="default">
    <root level="info">
      <appender-ref ref="console"/>
    </root>

    <logger name="com.ailo" additivity="false" level="debug">
      <appender-ref ref="console"/>
    </logger>
  </springProfile>

</configuration>
